<?xml version="1.0" encoding="UTF-8"?>
<!DOCTYPE root SYSTEM "Validierung_Datenschema.dtd">
<root>
<impf><impfung>Diphtherie-Tetanus-Keuchhusten-Hib-Kinderlaehmung-Hepatitis B </impfung><jahr>1995</jahr><anzahl>0</anzahl></impf>
<impf><impfung>Diphtherie-Tetanus-Keuchhusten-Hib-Kinderlaehmung</impfung><jahr>1995</jahr><anzahl>0</anzahl></impf>
<impf><impfung>Diphtherie-Tetanus-Keuchhusten-Kinderlaehmung</impfung><jahr>1995</jahr><anzahl>0</anzahl></impf>
<impf><impfung>Diphtherie-Tetanus-Keuchhusten-Hib</impfung><jahr>1995</jahr><anzahl>200</anzahl></impf>
<impf><impfung>Hib (Haemophilus influenzae b)</impfung><jahr>1995</jahr><anzahl>3724</anzahl></impf>
<impf><impfung>Diphtherie-Tetanus-Kinderlaehmung </impfung><jahr>1995</jahr><anzahl>0</anzahl></impf>
<impf><impfung>Diphtherie-Tetanus-Keuchhusten</impfung><jahr>1995</jahr><anzahl>4214</anzahl></impf>
<impf><impfung>Diphtherie-Tetanus</impfung><jahr>1995</jahr><anzahl>4876</anzahl></impf>
<impf><impfung>Diphtherie</impfung><jahr>1995</jahr><anzahl>0</anzahl></impf>
<impf><impfung>Tetanus</impfung><jahr>1995</jahr><anzahl>0</anzahl></impf>
<impf><impfung>Kinderlaehmung (Poliomyelitis)</impfung><jahr>1995</jahr><anzahl>9002</anzahl></impf>
<impf><impfung>Hib-Hepatitis B </impfung><jahr>1995</jahr><anzahl>0</anzahl></impf>
<impf><impfung>Hepatitis A+B</impfung><jahr>1995</jahr><anzahl>0</anzahl></impf>
<impf><impfung>Hepatitis A</impfung><jahr>1995</jahr><anzahl>0</anzahl></impf>
<impf><impfung>Hepatitis B</impfung><jahr>1995</jahr><anzahl>0</anzahl></impf>
<impf><impfung>Masern-Mumps-Roeteln</impfung><jahr>1995</jahr><anzahl>2270</anzahl></impf>
<impf><impfung>Roeteln</impfung><jahr>1995</jahr><anzahl>901</anzahl></impf>
<impf><impfung>Masern-Mumps</impfung><jahr>1995</jahr><anzahl>0</anzahl></impf>
<impf><impfung>Mumps</impfung><jahr>1995</jahr><anzahl>0</anzahl></impf>
<impf><impfung>Tuberkulose</impfung><jahr>1995</jahr><anzahl>10</anzahl></impf>
<impf><impfung>Rotaviren</impfung><jahr>1995</jahr><anzahl>0</anzahl></impf>
<impf><impfung>FSME</impfung><jahr>1995</jahr><anzahl>18682</anzahl></impf>
<impf><impfung>Grippe</impfung><jahr>1995</jahr><anzahl>0</anzahl></impf>
<impf><impfung>H1N1</impfung><jahr>1995</jahr><anzahl>0</anzahl></impf>
<impf><impfung>Pneumokokken</impfung><jahr>1995</jahr><anzahl>0</anzahl></impf>
<impf><impfung>Meningokokken</impfung><jahr>1995</jahr><anzahl>0</anzahl></impf>
<impf><impfung>HPV</impfung><jahr>1995</jahr><anzahl>0</anzahl></impf>
<impf><impfung>Diphtherie-Tetanus-Keuchhusten-Hib-Kinderlaehmung-Hepatitis B </impfung><jahr>1996</jahr><anzahl>0</anzahl></impf>
<impf><impfung>Diphtherie-Tetanus-Keuchhusten-Hib-Kinderlaehmung</impfung><jahr>1996</jahr><anzahl>0</anzahl></impf>
<impf><impfung>Diphtherie-Tetanus-Keuchhusten-Kinderlaehmung</impfung><jahr>1996</jahr><anzahl>0</anzahl></impf>
<impf><impfung>Diphtherie-Tetanus-Keuchhusten-Hib</impfung><jahr>1996</jahr><anzahl>2134</anzahl></impf>
<impf><impfung>Hib (Haemophilus influenzae b)</impfung><jahr>1996</jahr><anzahl>2263</anzahl></impf>
<impf><impfung>Diphtherie-Tetanus-Kinderlaehmung </impfung><jahr>1996</jahr><anzahl>0</anzahl></impf>
<impf><impfung>Diphtherie-Tetanus-Keuchhusten</impfung><jahr>1996</jahr><anzahl>2768</anzahl></impf>
<impf><impfung>Diphtherie-Tetanus</impfung><jahr>1996</jahr><anzahl>4815</anzahl></impf>
<impf><impfung>Diphtherie</impfung><jahr>1996</jahr><anzahl>0</anzahl></impf>
<impf><impfung>Tetanus</impfung><jahr>1996</jahr><anzahl>0</anzahl></impf>
<impf><impfung>Kinderlaehmung (Poliomyelitis)</impfung><jahr>1996</jahr><anzahl>11862</anzahl></impf>
<impf><impfung>Hib-Hepatitis B </impfung><jahr>1996</jahr><anzahl>0</anzahl></impf>
<impf><impfung>Hepatitis A+B</impfung><jahr>1996</jahr><anzahl>0</anzahl></impf>
<impf><impfung>Hepatitis A</impfung><jahr>1996</jahr><anzahl>0</anzahl></impf>
<impf><impfung>Hepatitis B</impfung><jahr>1996</jahr><anzahl>0</anzahl></impf>
<impf><impfung>Masern-Mumps-Roeteln</impfung><jahr>1996</jahr><anzahl>1813</anzahl></impf>
<impf><impfung>Roeteln</impfung><jahr>1996</jahr><anzahl>806</anzahl></impf>
<impf><impfung>Masern-Mumps</impfung><jahr>1996</jahr><anzahl>0</anzahl></impf>
<impf><impfung>Mumps</impfung><jahr>1996</jahr><anzahl>0</anzahl></impf>
<impf><impfung>Tuberkulose</impfung><jahr>1996</jahr><anzahl>0</anzahl></impf>
<impf><impfung>Rotaviren</impfung><jahr>1996</jahr><anzahl>0</anzahl></impf>
<impf><impfung>FSME</impfung><jahr>1996</jahr><anzahl>19850</anzahl></impf>
<impf><impfung>Grippe</impfung><jahr>1996</jahr><anzahl>969</anzahl></impf>
<impf><impfung>H1N1</impfung><jahr>1996</jahr><anzahl>0</anzahl></impf>
<impf><impfung>Pneumokokken</impfung><jahr>1996</jahr><anzahl>0</anzahl></impf>
<impf><impfung>Meningokokken</impfung><jahr>1996</jahr><anzahl>0</anzahl></impf>
<impf><impfung>HPV</impfung><jahr>1996</jahr><anzahl>0</anzahl></impf>
<impf><impfung>Diphtherie-Tetanus-Keuchhusten-Hib-Kinderlaehmung-Hepatitis B </impfung><jahr>1997</jahr><anzahl>0</anzahl></impf>
<impf><impfung>Diphtherie-Tetanus-Keuchhusten-Hib-Kinderlaehmung</impfung><jahr>1997</jahr><anzahl>0</anzahl></impf>
<impf><impfung>Diphtherie-Tetanus-Keuchhusten-Kinderlaehmung</impfung><jahr>1997</jahr><anzahl>0</anzahl></impf>
<impf><impfung>Diphtherie-Tetanus-Keuchhusten-Hib</impfung><jahr>1997</jahr><anzahl>2793</anzahl></impf>
<impf><impfung>Hib (Haemophilus influenzae b)</impfung><jahr>1997</jahr><anzahl>1740</anzahl></impf>
<impf><impfung>Diphtherie-Tetanus-Kinderlaehmung </impfung><jahr>1997</jahr><anzahl>0</anzahl></impf>
<impf><impfung>Diphtherie-Tetanus-Keuchhusten</impfung><jahr>1997</jahr><anzahl>2155</anzahl></impf>
<impf><impfung>Diphtherie-Tetanus</impfung><jahr>1997</jahr><anzahl>5626</anzahl></impf>
<impf><impfung>Diphtherie</impfung><jahr>1997</jahr><anzahl>0</anzahl></impf>
<impf><impfung>Tetanus</impfung><jahr>1997</jahr><anzahl>0</anzahl></impf>
<impf><impfung>Kinderlaehmung (Poliomyelitis)</impfung><jahr>1997</jahr><anzahl>10639</anzahl></impf>
<impf><impfung>Hib-Hepatitis B </impfung><jahr>1997</jahr><anzahl>0</anzahl></impf>
<impf><impfung>Hepatitis A+B</impfung><jahr>1997</jahr><anzahl>0</anzahl></impf>
<impf><impfung>Hepatitis A</impfung><jahr>1997</jahr><anzahl>0</anzahl></impf>
<impf><impfung>Hepatitis B</impfung><jahr>1997</jahr><anzahl>0</anzahl></impf>
<impf><impfung>Masern-Mumps-Roeteln</impfung><jahr>1997</jahr><anzahl>1897</anzahl></impf>
<impf><impfung>Roeteln</impfung><jahr>1997</jahr><anzahl>845</anzahl></impf>
<impf><impfung>Masern-Mumps</impfung><jahr>1997</jahr><anzahl>0</anzahl></impf>
<impf><impfung>Mumps</impfung><jahr>1997</jahr><anzahl>0</anzahl></impf>
<impf><impfung>Tuberkulose</impfung><jahr>1997</jahr><anzahl>0</anzahl></impf>
<impf><impfung>Rotaviren</impfung><jahr>1997</jahr><anzahl>0</anzahl></impf>
<impf><impfung>FSME</impfung><jahr>1997</jahr><anzahl>20207</anzahl></impf>
<impf><impfung>Grippe</impfung><jahr>1997</jahr><anzahl>1045</anzahl></impf>
<impf><impfung>H1N1</impfung><jahr>1997</jahr><anzahl>0</anzahl></impf>
<impf><impfung>Pneumokokken</impfung><jahr>1997</jahr><anzahl>0</anzahl></impf>
<impf><impfung>Meningokokken</impfung><jahr>1997</jahr><anzahl>0</anzahl></impf>
<impf><impfung>HPV</impfung><jahr>1997</jahr><anzahl>0</anzahl></impf>
<impf><impfung>Diphtherie-Tetanus-Keuchhusten-Hib-Kinderlaehmung-Hepatitis B </impfung><jahr>1998</jahr><anzahl>0</anzahl></impf>
<impf><impfung>Diphtherie-Tetanus-Keuchhusten-Hib-Kinderlaehmung</impfung><jahr>1998</jahr><anzahl>0</anzahl></impf>
<impf><impfung>Diphtherie-Tetanus-Keuchhusten-Kinderlaehmung</impfung><jahr>1998</jahr><anzahl>0</anzahl></impf>
<impf><impfung>Diphtherie-Tetanus-Keuchhusten-Hib</impfung><jahr>1998</jahr><anzahl>3787</anzahl></impf>
<impf><impfung>Hib (Haemophilus influenzae b)</impfung><jahr>1998</jahr><anzahl>114</anzahl></impf>
<impf><impfung>Diphtherie-Tetanus-Kinderlaehmung </impfung><jahr>1998</jahr><anzahl>0</anzahl></impf>
<impf><impfung>Diphtherie-Tetanus-Keuchhusten</impfung><jahr>1998</jahr><anzahl>112</anzahl></impf>
<impf><impfung>Diphtherie-Tetanus</impfung><jahr>1998</jahr><anzahl>5669</anzahl></impf>
<impf><impfung>Diphtherie</impfung><jahr>1998</jahr><anzahl>0</anzahl></impf>
<impf><impfung>Tetanus</impfung><jahr>1998</jahr><anzahl>0</anzahl></impf>
<impf><impfung>Kinderlaehmung (Poliomyelitis)</impfung><jahr>1998</jahr><anzahl>10476</anzahl></impf>
<impf><impfung>Hib-Hepatitis B </impfung><jahr>1998</jahr><anzahl>0</anzahl></impf>
<impf><impfung>Hepatitis A+B</impfung><jahr>1998</jahr><anzahl>0</anzahl></impf>
<impf><impfung>Hepatitis A</impfung><jahr>1998</jahr><anzahl>0</anzahl></impf>
<impf><impfung>Hepatitis B</impfung><jahr>1998</jahr><anzahl>4054</anzahl></impf>
<impf><impfung>Masern-Mumps-Roeteln</impfung><jahr>1998</jahr><anzahl>2667</anzahl></impf>
<impf><impfung>Roeteln</impfung><jahr>1998</jahr><anzahl>0</anzahl></impf>
<impf><impfung>Masern-Mumps</impfung><jahr>1998</jahr><anzahl>0</anzahl></impf>
<impf><impfung>Mumps</impfung><jahr>1998</jahr><anzahl>0</anzahl></impf>
<impf><impfung>Tuberkulose</impfung><jahr>1998</jahr><anzahl>0</anzahl></impf>
<impf><impfung>Rotaviren</impfung><jahr>1998</jahr><anzahl>0</anzahl></impf>
<impf><impfung>FSME</impfung><jahr>1998</jahr><anzahl>19763</anzahl></impf>
<impf><impfung>Grippe</impfung><jahr>1998</jahr><anzahl>1240</anzahl></impf>
<impf><impfung>H1N1</impfung><jahr>1998</jahr><anzahl>0</anzahl></impf>
<impf><impfung>Pneumokokken</impfung><jahr>1998</jahr><anzahl>0</anzahl></impf>
<impf><impfung>Meningokokken</impfung><jahr>1998</jahr><anzahl>0</anzahl></impf>
<impf><impfung>HPV</impfung><jahr>1998</jahr><anzahl>0</anzahl></impf>
<impf><impfung>Diphtherie-Tetanus-Keuchhusten-Hib-Kinderlaehmung-Hepatitis B </impfung><jahr>1999</jahr><anzahl>0</anzahl></impf>
<impf><impfung>Diphtherie-Tetanus-Keuchhusten-Hib-Kinderlaehmung</impfung><jahr>1999</jahr><anzahl>690</anzahl></impf>
<impf><impfung>Diphtherie-Tetanus-Keuchhusten-Kinderlaehmung</impfung><jahr>1999</jahr><anzahl>0</anzahl></impf>
<impf><impfung>Diphtherie-Tetanus-Keuchhusten-Hib</impfung><jahr>1999</jahr><anzahl>1269</anzahl></impf>
<impf><impfung>Hib (Haemophilus influenzae b)</impfung><jahr>1999</jahr><anzahl>0</anzahl></impf>
<impf><impfung>Diphtherie-Tetanus-Kinderlaehmung </impfung><jahr>1999</jahr><anzahl>0</anzahl></impf>
<impf><impfung>Diphtherie-Tetanus-Keuchhusten</impfung><jahr>1999</jahr><anzahl>0</anzahl></impf>
<impf><impfung>Diphtherie-Tetanus</impfung><jahr>1999</jahr><anzahl>7826</anzahl></impf>
<impf><impfung>Diphtherie</impfung><jahr>1999</jahr><anzahl>0</anzahl></impf>
<impf><impfung>Tetanus</impfung><jahr>1999</jahr><anzahl>0</anzahl></impf>
<impf><impfung>Kinderlaehmung (Poliomyelitis)</impfung><jahr>1999</jahr><anzahl>7421</anzahl></impf>
<impf><impfung>Hib-Hepatitis B </impfung><jahr>1999</jahr><anzahl>0</anzahl></impf>
<impf><impfung>Hepatitis A+B</impfung><jahr>1999</jahr><anzahl>0</anzahl></impf>
<impf><impfung>Hepatitis A</impfung><jahr>1999</jahr><anzahl>0</anzahl></impf>
<impf><impfung>Hepatitis B</impfung><jahr>1999</jahr><anzahl>6814</anzahl></impf>
<impf><impfung>Masern-Mumps-Roeteln</impfung><jahr>1999</jahr><anzahl>3630</anzahl></impf>
<impf><impfung>Roeteln</impfung><jahr>1999</jahr><anzahl>0</anzahl></impf>
<impf><impfung>Masern-Mumps</impfung><jahr>1999</jahr><anzahl>0</anzahl></impf>
<impf><impfung>Mumps</impfung><jahr>1999</jahr><anzahl>0</anzahl></impf>
<impf><impfung>Tuberkulose</impfung><jahr>1999</jahr><anzahl>0</anzahl></impf>
<impf><impfung>Rotaviren</impfung><jahr>1999</jahr><anzahl>0</anzahl></impf>
<impf><impfung>FSME</impfung><jahr>1999</jahr><anzahl>20650</anzahl></impf>
<impf><impfung>Grippe</impfung><jahr>1999</jahr><anzahl>2114</anzahl></impf>
<impf><impfung>H1N1</impfung><jahr>1999</jahr><anzahl>0</anzahl></impf>
<impf><impfung>Pneumokokken</impfung><jahr>1999</jahr><anzahl>0</anzahl></impf>
<impf><impfung>Meningokokken</impfung><jahr>1999</jahr><anzahl>0</anzahl></impf>
<impf><impfung>HPV</impfung><jahr>1999</jahr><anzahl>0</anzahl></impf>
<impf><impfung>Diphtherie-Tetanus-Keuchhusten-Hib-Kinderlaehmung-Hepatitis B </impfung><jahr>2000</jahr><anzahl>0</anzahl></impf>
<impf><impfung>Diphtherie-Tetanus-Keuchhusten-Hib-Kinderlaehmung</impfung><jahr>2000</jahr><anzahl>433</anzahl></impf>
<impf><impfung>Diphtherie-Tetanus-Keuchhusten-Kinderlaehmung</impfung><jahr>2000</jahr><anzahl>927</anzahl></impf>
<impf><impfung>Diphtherie-Tetanus-Keuchhusten-Hib</impfung><jahr>2000</jahr><anzahl>343</anzahl></impf>
<impf><impfung>Hib (Haemophilus influenzae b)</impfung><jahr>2000</jahr><anzahl>0</anzahl></impf>
<impf><impfung>Diphtherie-Tetanus-Kinderlaehmung </impfung><jahr>2000</jahr><anzahl>0</anzahl></impf>
<impf><impfung>Diphtherie-Tetanus-Keuchhusten</impfung><jahr>2000</jahr><anzahl>0</anzahl></impf>
<impf><impfung>Diphtherie-Tetanus</impfung><jahr>2000</jahr><anzahl>4933</anzahl></impf>
<impf><impfung>Diphtherie</impfung><jahr>2000</jahr><anzahl>0</anzahl></impf>
<impf><impfung>Tetanus</impfung><jahr>2000</jahr><anzahl>0</anzahl></impf>
<impf><impfung>Kinderlaehmung (Poliomyelitis)</impfung><jahr>2000</jahr><anzahl>7835</anzahl></impf>
<impf><impfung>Hib-Hepatitis B </impfung><jahr>2000</jahr><anzahl>583</anzahl></impf>
<impf><impfung>Hepatitis A+B</impfung><jahr>2000</jahr><anzahl>0</anzahl></impf>
<impf><impfung>Hepatitis A</impfung><jahr>2000</jahr><anzahl>0</anzahl></impf>
<impf><impfung>Hepatitis B</impfung><jahr>2000</jahr><anzahl>5917</anzahl></impf>
<impf><impfung>Masern-Mumps-Roeteln</impfung><jahr>2000</jahr><anzahl>2960</anzahl></impf>
<impf><impfung>Roeteln</impfung><jahr>2000</jahr><anzahl>4</anzahl></impf>
<impf><impfung>Masern-Mumps</impfung><jahr>2000</jahr><anzahl>0</anzahl></impf>
<impf><impfung>Mumps</impfung><jahr>2000</jahr><anzahl>0</anzahl></impf>
<impf><impfung>Tuberkulose</impfung><jahr>2000</jahr><anzahl>0</anzahl></impf>
<impf><impfung>Rotaviren</impfung><jahr>2000</jahr><anzahl>0</anzahl></impf>
<impf><impfung>FSME</impfung><jahr>2000</jahr><anzahl>18297</anzahl></impf>
<impf><impfung>Grippe</impfung><jahr>2000</jahr><anzahl>3660</anzahl></impf>
<impf><impfung>H1N1</impfung><jahr>2000</jahr><anzahl>0</anzahl></impf>
<impf><impfung>Pneumokokken</impfung><jahr>2000</jahr><anzahl>0</anzahl></impf>
<impf><impfung>Meningokokken</impfung><jahr>2000</jahr><anzahl>0</anzahl></impf>
<impf><impfung>HPV</impfung><jahr>2000</jahr><anzahl>0</anzahl></impf>
<impf><impfung>Diphtherie-Tetanus-Keuchhusten-Hib-Kinderlaehmung-Hepatitis B </impfung><jahr>2001</jahr><anzahl>1186</anzahl></impf>
<impf><impfung>Diphtherie-Tetanus-Keuchhusten-Hib-Kinderlaehmung</impfung><jahr>2001</jahr><anzahl>181</anzahl></impf>
<impf><impfung>Diphtherie-Tetanus-Keuchhusten-Kinderlaehmung</impfung><jahr>2001</jahr><anzahl>241</anzahl></impf>
<impf><impfung>Diphtherie-Tetanus-Keuchhusten-Hib</impfung><jahr>2001</jahr><anzahl>63</anzahl></impf>
<impf><impfung>Hib (Haemophilus influenzae b)</impfung><jahr>2001</jahr><anzahl>0</anzahl></impf>
<impf><impfung>Diphtherie-Tetanus-Kinderlaehmung </impfung><jahr>2001</jahr><anzahl>1708</anzahl></impf>
<impf><impfung>Diphtherie-Tetanus-Keuchhusten</impfung><jahr>2001</jahr><anzahl>0</anzahl></impf>
<impf><impfung>Diphtherie-Tetanus</impfung><jahr>2001</jahr><anzahl>2277</anzahl></impf>
<impf><impfung>Diphtherie</impfung><jahr>2001</jahr><anzahl>0</anzahl></impf>
<impf><impfung>Tetanus</impfung><jahr>2001</jahr><anzahl>0</anzahl></impf>
<impf><impfung>Kinderlaehmung (Poliomyelitis)</impfung><jahr>2001</jahr><anzahl>1688</anzahl></impf>
<impf><impfung>Hib-Hepatitis B </impfung><jahr>2001</jahr><anzahl>162</anzahl></impf>
<impf><impfung>Hepatitis A+B</impfung><jahr>2001</jahr><anzahl>0</anzahl></impf>
<impf><impfung>Hepatitis A</impfung><jahr>2001</jahr><anzahl>0</anzahl></impf>
<impf><impfung>Hepatitis B</impfung><jahr>2001</jahr><anzahl>5374</anzahl></impf>
<impf><impfung>Masern-Mumps-Roeteln</impfung><jahr>2001</jahr><anzahl>2695</anzahl></impf>
<impf><impfung>Roeteln</impfung><jahr>2001</jahr><anzahl>505</anzahl></impf>
<impf><impfung>Masern-Mumps</impfung><jahr>2001</jahr><anzahl>0</anzahl></impf>
<impf><impfung>Mumps</impfung><jahr>2001</jahr><anzahl>0</anzahl></impf>
<impf><impfung>Tuberkulose</impfung><jahr>2001</jahr><anzahl>0</anzahl></impf>
<impf><impfung>Rotaviren</impfung><jahr>2001</jahr><anzahl>0</anzahl></impf>
<impf><impfung>FSME</impfung><jahr>2001</jahr><anzahl>19392</anzahl></impf>
<impf><impfung>Grippe</impfung><jahr>2001</jahr><anzahl>3949</anzahl></impf>
<impf><impfung>H1N1</impfung><jahr>2001</jahr><anzahl>0</anzahl></impf>
<impf><impfung>Pneumokokken</impfung><jahr>2001</jahr><anzahl>0</anzahl></impf>
<impf><impfung>Meningokokken</impfung><jahr>2001</jahr><anzahl>0</anzahl></impf>
<impf><impfung>HPV</impfung><jahr>2001</jahr><anzahl>0</anzahl></impf>
<impf><impfung>Diphtherie-Tetanus-Keuchhusten-Hib-Kinderlaehmung-Hepatitis B </impfung><jahr>2002</jahr><anzahl>1064</anzahl></impf>
<impf><impfung>Diphtherie-Tetanus-Keuchhusten-Hib-Kinderlaehmung</impfung><jahr>2002</jahr><anzahl>29</anzahl></impf>
<impf><impfung>Diphtherie-Tetanus-Keuchhusten-Kinderlaehmung</impfung><jahr>2002</jahr><anzahl>8</anzahl></impf>
<impf><impfung>Diphtherie-Tetanus-Keuchhusten-Hib</impfung><jahr>2002</jahr><anzahl>6</anzahl></impf>
<impf><impfung>Hib (Haemophilus influenzae b)</impfung><jahr>2002</jahr><anzahl>0</anzahl></impf>
<impf><impfung>Diphtherie-Tetanus-Kinderlaehmung </impfung><jahr>2002</jahr><anzahl>5115</anzahl></impf>
<impf><impfung>Diphtherie-Tetanus-Keuchhusten</impfung><jahr>2002</jahr><anzahl>0</anzahl></impf>
<impf><impfung>Diphtherie-Tetanus</impfung><jahr>2002</jahr><anzahl>1326</anzahl></impf>
<impf><impfung>Diphtherie</impfung><jahr>2002</jahr><anzahl>0</anzahl></impf>
<impf><impfung>Tetanus</impfung><jahr>2002</jahr><anzahl>0</anzahl></impf>
<impf><impfung>Kinderlaehmung (Poliomyelitis)</impfung><jahr>2002</jahr><anzahl>2718</anzahl></impf>
<impf><impfung>Hib-Hepatitis B </impfung><jahr>2002</jahr><anzahl>2</anzahl></impf>
<impf><impfung>Hepatitis A+B</impfung><jahr>2002</jahr><anzahl>0</anzahl></impf>
<impf><impfung>Hepatitis A</impfung><jahr>2002</jahr><anzahl>0</anzahl></impf>
<impf><impfung>Hepatitis B</impfung><jahr>2002</jahr><anzahl>5283</anzahl></impf>
<impf><impfung>Masern-Mumps-Roeteln</impfung><jahr>2002</jahr><anzahl>2481</anzahl></impf>
<impf><impfung>Roeteln</impfung><jahr>2002</jahr><anzahl>469</anzahl></impf>
<impf><impfung>Masern-Mumps</impfung><jahr>2002</jahr><anzahl>0</anzahl></impf>
<impf><impfung>Mumps</impfung><jahr>2002</jahr><anzahl>0</anzahl></impf>
<impf><impfung>Tuberkulose</impfung><jahr>2002</jahr><anzahl>0</anzahl></impf>
<impf><impfung>Rotaviren</impfung><jahr>2002</jahr><anzahl>0</anzahl></impf>
<impf><impfung>FSME</impfung><jahr>2002</jahr><anzahl>18282</anzahl></impf>
<impf><impfung>Grippe</impfung><jahr>2002</jahr><anzahl>4050</anzahl></impf>
<impf><impfung>H1N1</impfung><jahr>2002</jahr><anzahl>0</anzahl></impf>
<impf><impfung>Pneumokokken</impfung><jahr>2002</jahr><anzahl>0</anzahl></impf>
<impf><impfung>Meningokokken</impfung><jahr>2002</jahr><anzahl>0</anzahl></impf>
<impf><impfung>HPV</impfung><jahr>2002</jahr><anzahl>0</anzahl></impf>
<impf><impfung>Diphtherie-Tetanus-Keuchhusten-Hib-Kinderlaehmung-Hepatitis B </impfung><jahr>2003</jahr><anzahl>971</anzahl></impf>
<impf><impfung>Diphtherie-Tetanus-Keuchhusten-Hib-Kinderlaehmung</impfung><jahr>2003</jahr><anzahl>0</anzahl></impf>
<impf><impfung>Diphtherie-Tetanus-Keuchhusten-Kinderlaehmung</impfung><jahr>2003</jahr><anzahl>0</anzahl></impf>
<impf><impfung>Diphtherie-Tetanus-Keuchhusten-Hib</impfung><jahr>2003</jahr><anzahl>0</anzahl></impf>
<impf><impfung>Hib (Haemophilus influenzae b)</impfung><jahr>2003</jahr><anzahl>38</anzahl></impf>
<impf><impfung>Diphtherie-Tetanus-Kinderlaehmung </impfung><jahr>2003</jahr><anzahl>4498</anzahl></impf>
<impf><impfung>Diphtherie-Tetanus-Keuchhusten</impfung><jahr>2003</jahr><anzahl>0</anzahl></impf>
<impf><impfung>Diphtherie-Tetanus</impfung><jahr>2003</jahr><anzahl>1150</anzahl></impf>
<impf><impfung>Diphtherie</impfung><jahr>2003</jahr><anzahl>0</anzahl></impf>
<impf><impfung>Tetanus</impfung><jahr>2003</jahr><anzahl>0</anzahl></impf>
<impf><impfung>Kinderlaehmung (Poliomyelitis)</impfung><jahr>2003</jahr><anzahl>1636</anzahl></impf>
<impf><impfung>Hib-Hepatitis B </impfung><jahr>2003</jahr><anzahl>0</anzahl></impf>
<impf><impfung>Hepatitis A+B</impfung><jahr>2003</jahr><anzahl>0</anzahl></impf>
<impf><impfung>Hepatitis A</impfung><jahr>2003</jahr><anzahl>0</anzahl></impf>
<impf><impfung>Hepatitis B</impfung><jahr>2003</jahr><anzahl>5041</anzahl></impf>
<impf><impfung>Masern-Mumps-Roeteln</impfung><jahr>2003</jahr><anzahl>2673</anzahl></impf>
<impf><impfung>Roeteln</impfung><jahr>2003</jahr><anzahl>438</anzahl></impf>
<impf><impfung>Masern-Mumps</impfung><jahr>2003</jahr><anzahl>0</anzahl></impf>
<impf><impfung>Mumps</impfung><jahr>2003</jahr><anzahl>0</anzahl></impf>
<impf><impfung>Tuberkulose</impfung><jahr>2003</jahr><anzahl>0</anzahl></impf>
<impf><impfung>Rotaviren</impfung><jahr>2003</jahr><anzahl>0</anzahl></impf>
<impf><impfung>FSME</impfung><jahr>2003</jahr><anzahl>16727</anzahl></impf>
<impf><impfung>Grippe</impfung><jahr>2003</jahr><anzahl>5500</anzahl></impf>
<impf><impfung>H1N1</impfung><jahr>2003</jahr><anzahl>0</anzahl></impf>
<impf><impfung>Pneumokokken</impfung><jahr>2003</jahr><anzahl>0</anzahl></impf>
<impf><impfung>Meningokokken</impfung><jahr>2003</jahr><anzahl>0</anzahl></impf>
<impf><impfung>HPV</impfung><jahr>2003</jahr><anzahl>0</anzahl></impf>
<impf><impfung>Diphtherie-Tetanus-Keuchhusten-Hib-Kinderlaehmung-Hepatitis B </impfung><jahr>2004</jahr><anzahl>855</anzahl></impf>
<impf><impfung>Diphtherie-Tetanus-Keuchhusten-Hib-Kinderlaehmung</impfung><jahr>2004</jahr><anzahl>0</anzahl></impf>
<impf><impfung>Diphtherie-Tetanus-Keuchhusten-Kinderlaehmung</impfung><jahr>2004</jahr><anzahl>76</anzahl></impf>
<impf><impfung>Diphtherie-Tetanus-Keuchhusten-Hib</impfung><jahr>2004</jahr><anzahl>0</anzahl></impf>
<impf><impfung>Hib (Haemophilus influenzae b)</impfung><jahr>2004</jahr><anzahl>0</anzahl></impf>
<impf><impfung>Diphtherie-Tetanus-Kinderlaehmung </impfung><jahr>2004</jahr><anzahl>6422</anzahl></impf>
<impf><impfung>Diphtherie-Tetanus-Keuchhusten</impfung><jahr>2004</jahr><anzahl>0</anzahl></impf>
<impf><impfung>Diphtherie-Tetanus</impfung><jahr>2004</jahr><anzahl>1755</anzahl></impf>
<impf><impfung>Diphtherie</impfung><jahr>2004</jahr><anzahl>0</anzahl></impf>
<impf><impfung>Tetanus</impfung><jahr>2004</jahr><anzahl>0</anzahl></impf>
<impf><impfung>Kinderlaehmung (Poliomyelitis)</impfung><jahr>2004</jahr><anzahl>2713</anzahl></impf>
<impf><impfung>Hib-Hepatitis B </impfung><jahr>2004</jahr><anzahl>0</anzahl></impf>
<impf><impfung>Hepatitis A+B</impfung><jahr>2004</jahr><anzahl>0</anzahl></impf>
<impf><impfung>Hepatitis A</impfung><jahr>2004</jahr><anzahl>0</anzahl></impf>
<impf><impfung>Hepatitis B</impfung><jahr>2004</jahr><anzahl>4579</anzahl></impf>
<impf><impfung>Masern-Mumps-Roeteln</impfung><jahr>2004</jahr><anzahl>3843</anzahl></impf>
<impf><impfung>Roeteln</impfung><jahr>2004</jahr><anzahl>0</anzahl></impf>
<impf><impfung>Masern-Mumps</impfung><jahr>2004</jahr><anzahl>0</anzahl></impf>
<impf><impfung>Mumps</impfung><jahr>2004</jahr><anzahl>0</anzahl></impf>
<impf><impfung>Tuberkulose</impfung><jahr>2004</jahr><anzahl>0</anzahl></impf>
<impf><impfung>Rotaviren</impfung><jahr>2004</jahr><anzahl>0</anzahl></impf>
<impf><impfung>FSME</impfung><jahr>2004</jahr><anzahl>9588</anzahl></impf>
<impf><impfung>Grippe</impfung><jahr>2004</jahr><anzahl>5750</anzahl></impf>
<impf><impfung>H1N1</impfung><jahr>2004</jahr><anzahl>0</anzahl></impf>
<impf><impfung>Pneumokokken</impfung><jahr>2004</jahr><anzahl>222</anzahl></impf>
<impf><impfung>Meningokokken</impfung><jahr>2004</jahr><anzahl>0</anzahl></impf>
<impf><impfung>HPV</impfung><jahr>2004</jahr><anzahl>0</anzahl></impf>
<impf><impfung>Diphtherie-Tetanus-Keuchhusten-Hib-Kinderlaehmung-Hepatitis B </impfung><jahr>2005</jahr><anzahl>753</anzahl></impf>
<impf><impfung>Diphtherie-Tetanus-Keuchhusten-Hib-Kinderlaehmung</impfung><jahr>2005</jahr><anzahl>0</anzahl></impf>
<impf><impfung>Diphtherie-Tetanus-Keuchhusten-Kinderlaehmung</impfung><jahr>2005</jahr><anzahl>0</anzahl></impf>
<impf><impfung>Diphtherie-Tetanus-Keuchhusten-Hib</impfung><jahr>2005</jahr><anzahl>0</anzahl></impf>
<impf><impfung>Hib (Haemophilus influenzae b)</impfung><jahr>2005</jahr><anzahl>0</anzahl></impf>
<impf><impfung>Diphtherie-Tetanus-Kinderlaehmung </impfung><jahr>2005</jahr><anzahl>3706</anzahl></impf>
<impf><impfung>Diphtherie-Tetanus-Keuchhusten</impfung><jahr>2005</jahr><anzahl>11</anzahl></impf>
<impf><impfung>Diphtherie-Tetanus</impfung><jahr>2005</jahr><anzahl>1555</anzahl></impf>
<impf><impfung>Diphtherie</impfung><jahr>2005</jahr><anzahl>0</anzahl></impf>
<impf><impfung>Tetanus</impfung><jahr>2005</jahr><anzahl>0</anzahl></impf>
<impf><impfung>Kinderlaehmung (Poliomyelitis)</impfung><jahr>2005</jahr><anzahl>1320</anzahl></impf>
<impf><impfung>Hib-Hepatitis B </impfung><jahr>2005</jahr><anzahl>0</anzahl></impf>
<impf><impfung>Hepatitis A+B</impfung><jahr>2005</jahr><anzahl>0</anzahl></impf>
<impf><impfung>Hepatitis A</impfung><jahr>2005</jahr><anzahl>0</anzahl></impf>
<impf><impfung>Hepatitis B</impfung><jahr>2005</jahr><anzahl>3994</anzahl></impf>
<impf><impfung>Masern-Mumps-Roeteln</impfung><jahr>2005</jahr><anzahl>3397</anzahl></impf>
<impf><impfung>Roeteln</impfung><jahr>2005</jahr><anzahl>0</anzahl></impf>
<impf><impfung>Masern-Mumps</impfung><jahr>2005</jahr><anzahl>0</anzahl></impf>
<impf><impfung>Mumps</impfung><jahr>2005</jahr><anzahl>0</anzahl></impf>
<impf><impfung>Tuberkulose</impfung><jahr>2005</jahr><anzahl>0</anzahl></impf>
<impf><impfung>Rotaviren</impfung><jahr>2005</jahr><anzahl>0</anzahl></impf>
<impf><impfung>FSME</impfung><jahr>2005</jahr><anzahl>12425</anzahl></impf>
<impf><impfung>Grippe</impfung><jahr>2005</jahr><anzahl>5572</anzahl></impf>
<impf><impfung>H1N1</impfung><jahr>2005</jahr><anzahl>0</anzahl></impf>
<impf><impfung>Pneumokokken</impfung><jahr>2005</jahr><anzahl>231</anzahl></impf>
<impf><impfung>Meningokokken</impfung><jahr>2005</jahr><anzahl>0</anzahl></impf>
<impf><impfung>HPV</impfung><jahr>2005</jahr><anzahl>0</anzahl></impf>
<impf><impfung>Diphtherie-Tetanus-Keuchhusten-Hib-Kinderlaehmung-Hepatitis B </impfung><jahr>2006</jahr><anzahl>725</anzahl></impf>
<impf><impfung>Diphtherie-Tetanus-Keuchhusten-Hib-Kinderlaehmung</impfung><jahr>2006</jahr><anzahl>0</anzahl></impf>
<impf><impfung>Diphtherie-Tetanus-Keuchhusten-Kinderlaehmung</impfung><jahr>2006</jahr><anzahl>575</anzahl></impf>
<impf><impfung>Diphtherie-Tetanus-Keuchhusten-Hib</impfung><jahr>2006</jahr><anzahl>0</anzahl></impf>
<impf><impfung>Hib (Haemophilus influenzae b)</impfung><jahr>2006</jahr><anzahl>0</anzahl></impf>
<impf><impfung>Diphtherie-Tetanus-Kinderlaehmung </impfung><jahr>2006</jahr><anzahl>3994</anzahl></impf>
<impf><impfung>Diphtherie-Tetanus-Keuchhusten</impfung><jahr>2006</jahr><anzahl>2756</anzahl></impf>
<impf><impfung>Diphtherie-Tetanus</impfung><jahr>2006</jahr><anzahl>1488</anzahl></impf>
<impf><impfung>Diphtherie</impfung><jahr>2006</jahr><anzahl>112</anzahl></impf>
<impf><impfung>Tetanus</impfung><jahr>2006</jahr><anzahl>0</anzahl></impf>
<impf><impfung>Kinderlaehmung (Poliomyelitis)</impfung><jahr>2006</jahr><anzahl>1673</anzahl></impf>
<impf><impfung>Hib-Hepatitis B </impfung><jahr>2006</jahr><anzahl>0</anzahl></impf>
<impf><impfung>Hepatitis A+B</impfung><jahr>2006</jahr><anzahl>1574</anzahl></impf>
<impf><impfung>Hepatitis A</impfung><jahr>2006</jahr><anzahl>491</anzahl></impf>
<impf><impfung>Hepatitis B</impfung><jahr>2006</jahr><anzahl>5716</anzahl></impf>
<impf><impfung>Masern-Mumps-Roeteln</impfung><jahr>2006</jahr><anzahl>2524</anzahl></impf>
<impf><impfung>Roeteln</impfung><jahr>2006</jahr><anzahl>0</anzahl></impf>
<impf><impfung>Masern-Mumps</impfung><jahr>2006</jahr><anzahl>0</anzahl></impf>
<impf><impfung>Mumps</impfung><jahr>2006</jahr><anzahl>0</anzahl></impf>
<impf><impfung>Tuberkulose</impfung><jahr>2006</jahr><anzahl>0</anzahl></impf>
<impf><impfung>Rotaviren</impfung><jahr>2006</jahr><anzahl>0</anzahl></impf>
<impf><impfung>FSME</impfung><jahr>2006</jahr><anzahl>16340</anzahl></impf>
<impf><impfung>Grippe</impfung><jahr>2006</jahr><anzahl>5160</anzahl></impf>
<impf><impfung>H1N1</impfung><jahr>2006</jahr><anzahl>0</anzahl></impf>
<impf><impfung>Pneumokokken</impfung><jahr>2006</jahr><anzahl>149</anzahl></impf>
<impf><impfung>Meningokokken</impfung><jahr>2006</jahr><anzahl>0</anzahl></impf>
<impf><impfung>HPV</impfung><jahr>2006</jahr><anzahl>0</anzahl></impf>
<impf><impfung>Diphtherie-Tetanus-Keuchhusten-Hib-Kinderlaehmung-Hepatitis B </impfung><jahr>2007</jahr><anzahl>579</anzahl></impf>
<impf><impfung>Diphtherie-Tetanus-Keuchhusten-Hib-Kinderlaehmung</impfung><jahr>2007</jahr><anzahl>0</anzahl></impf>
<impf><impfung>Diphtherie-Tetanus-Keuchhusten-Kinderlaehmung</impfung><jahr>2007</jahr><anzahl>801</anzahl></impf>
<impf><impfung>Diphtherie-Tetanus-Keuchhusten-Hib</impfung><jahr>2007</jahr><anzahl>0</anzahl></impf>
<impf><impfung>Hib (Haemophilus influenzae b)</impfung><jahr>2007</jahr><anzahl>0</anzahl></impf>
<impf><impfung>Diphtherie-Tetanus-Kinderlaehmung </impfung><jahr>2007</jahr><anzahl>3410</anzahl></impf>
<impf><impfung>Diphtherie-Tetanus-Keuchhusten</impfung><jahr>2007</jahr><anzahl>1693</anzahl></impf>
<impf><impfung>Diphtherie-Tetanus</impfung><jahr>2007</jahr><anzahl>1175</anzahl></impf>
<impf><impfung>Diphtherie</impfung><jahr>2007</jahr><anzahl>69</anzahl></impf>
<impf><impfung>Tetanus</impfung><jahr>2007</jahr><anzahl>0</anzahl></impf>
<impf><impfung>Kinderlaehmung (Poliomyelitis)</impfung><jahr>2007</jahr><anzahl>1386</anzahl></impf>
<impf><impfung>Hib-Hepatitis B </impfung><jahr>2007</jahr><anzahl>0</anzahl></impf>
<impf><impfung>Hepatitis A+B</impfung><jahr>2007</jahr><anzahl>1758</anzahl></impf>
<impf><impfung>Hepatitis A</impfung><jahr>2007</jahr><anzahl>602</anzahl></impf>
<impf><impfung>Hepatitis B</impfung><jahr>2007</jahr><anzahl>4126</anzahl></impf>
<impf><impfung>Masern-Mumps-Roeteln</impfung><jahr>2007</jahr><anzahl>1752</anzahl></impf>
<impf><impfung>Roeteln</impfung><jahr>2007</jahr><anzahl>0</anzahl></impf>
<impf><impfung>Masern-Mumps</impfung><jahr>2007</jahr><anzahl>0</anzahl></impf>
<impf><impfung>Mumps</impfung><jahr>2007</jahr><anzahl>0</anzahl></impf>
<impf><impfung>Tuberkulose</impfung><jahr>2007</jahr><anzahl>0</anzahl></impf>
<impf><impfung>Rotaviren</impfung><jahr>2007</jahr><anzahl>0</anzahl></impf>
<impf><impfung>FSME</impfung><jahr>2007</jahr><anzahl>16195</anzahl></impf>
<impf><impfung>Grippe</impfung><jahr>2007</jahr><anzahl>3948</anzahl></impf>
<impf><impfung>H1N1</impfung><jahr>2007</jahr><anzahl>0</anzahl></impf>
<impf><impfung>Pneumokokken</impfung><jahr>2007</jahr><anzahl>276</anzahl></impf>
<impf><impfung>Meningokokken</impfung><jahr>2007</jahr><anzahl>0</anzahl></impf>
<impf><impfung>HPV</impfung><jahr>2007</jahr><anzahl>0</anzahl></impf>
<impf><impfung>Diphtherie-Tetanus-Keuchhusten-Hib-Kinderlaehmung-Hepatitis B </impfung><jahr>2008</jahr><anzahl>376</anzahl></impf>
<impf><impfung>Diphtherie-Tetanus-Keuchhusten-Hib-Kinderlaehmung</impfung><jahr>2008</jahr><anzahl>0</anzahl></impf>
<impf><impfung>Diphtherie-Tetanus-Keuchhusten-Kinderlaehmung</impfung><jahr>2008</jahr><anzahl>512</anzahl></impf>
<impf><impfung>Diphtherie-Tetanus-Keuchhusten-Hib</impfung><jahr>2008</jahr><anzahl>0</anzahl></impf>
<impf><impfung>Hib (Haemophilus influenzae b)</impfung><jahr>2008</jahr><anzahl>0</anzahl></impf>
<impf><impfung>Diphtherie-Tetanus-Kinderlaehmung </impfung><jahr>2008</jahr><anzahl>2639</anzahl></impf>
<impf><impfung>Diphtherie-Tetanus-Keuchhusten</impfung><jahr>2008</jahr><anzahl>818</anzahl></impf>
<impf><impfung>Diphtherie-Tetanus</impfung><jahr>2008</jahr><anzahl>1074</anzahl></impf>
<impf><impfung>Diphtherie</impfung><jahr>2008</jahr><anzahl>43</anzahl></impf>
<impf><impfung>Tetanus</impfung><jahr>2008</jahr><anzahl>0</anzahl></impf>
<impf><impfung>Kinderlaehmung (Poliomyelitis)</impfung><jahr>2008</jahr><anzahl>1278</anzahl></impf>
<impf><impfung>Hib-Hepatitis B </impfung><jahr>2008</jahr><anzahl>0</anzahl></impf>
<impf><impfung>Hepatitis A+B</impfung><jahr>2008</jahr><anzahl>1632</anzahl></impf>
<impf><impfung>Hepatitis A</impfung><jahr>2008</jahr><anzahl>497</anzahl></impf>
<impf><impfung>Hepatitis B</impfung><jahr>2008</jahr><anzahl>2959</anzahl></impf>
<impf><impfung>Masern-Mumps-Roeteln</impfung><jahr>2008</jahr><anzahl>1380</anzahl></impf>
<impf><impfung>Roeteln</impfung><jahr>2008</jahr><anzahl>0</anzahl></impf>
<impf><impfung>Masern-Mumps</impfung><jahr>2008</jahr><anzahl>0</anzahl></impf>
<impf><impfung>Mumps</impfung><jahr>2008</jahr><anzahl>0</anzahl></impf>
<impf><impfung>Tuberkulose</impfung><jahr>2008</jahr><anzahl>0</anzahl></impf>
<impf><impfung>Rotaviren</impfung><jahr>2008</jahr><anzahl>8</anzahl></impf>
<impf><impfung>FSME</impfung><jahr>2008</jahr><anzahl>16530</anzahl></impf>
<impf><impfung>Grippe</impfung><jahr>2008</jahr><anzahl>4423</anzahl></impf>
<impf><impfung>H1N1</impfung><jahr>2008</jahr><anzahl>0</anzahl></impf>
<impf><impfung>Pneumokokken</impfung><jahr>2008</jahr><anzahl>121</anzahl></impf>
<impf><impfung>Meningokokken</impfung><jahr>2008</jahr><anzahl>0</anzahl></impf>
<impf><impfung>HPV</impfung><jahr>2008</jahr><anzahl>0</anzahl></impf>
<impf><impfung>Diphtherie-Tetanus-Keuchhusten-Hib-Kinderlaehmung-Hepatitis B </impfung><jahr>2009</jahr><anzahl>311</anzahl></impf>
<impf><impfung>Diphtherie-Tetanus-Keuchhusten-Hib-Kinderlaehmung</impfung><jahr>2009</jahr><anzahl>0</anzahl></impf>
<impf><impfung>Diphtherie-Tetanus-Keuchhusten-Kinderlaehmung</impfung><jahr>2009</jahr><anzahl>775</anzahl></impf>
<impf><impfung>Diphtherie-Tetanus-Keuchhusten-Hib</impfung><jahr>2009</jahr><anzahl>0</anzahl></impf>
<impf><impfung>Hib (Haemophilus influenzae b)</impfung><jahr>2009</jahr><anzahl>0</anzahl></impf>
<impf><impfung>Diphtherie-Tetanus-Kinderlaehmung </impfung><jahr>2009</jahr><anzahl>3232</anzahl></impf>
<impf><impfung>Diphtherie-Tetanus-Keuchhusten</impfung><jahr>2009</jahr><anzahl>1509</anzahl></impf>
<impf><impfung>Diphtherie-Tetanus</impfung><jahr>2009</jahr><anzahl>999</anzahl></impf>
<impf><impfung>Diphtherie</impfung><jahr>2009</jahr><anzahl>45</anzahl></impf>
<impf><impfung>Tetanus</impfung><jahr>2009</jahr><anzahl>0</anzahl></impf>
<impf><impfung>Kinderlaehmung (Poliomyelitis)</impfung><jahr>2009</jahr><anzahl>1253</anzahl></impf>
<impf><impfung>Hib-Hepatitis B </impfung><jahr>2009</jahr><anzahl>0</anzahl></impf>
<impf><impfung>Hepatitis A+B</impfung><jahr>2009</jahr><anzahl>1418</anzahl></impf>
<impf><impfung>Hepatitis A</impfung><jahr>2009</jahr><anzahl>452</anzahl></impf>
<impf><impfung>Hepatitis B</impfung><jahr>2009</jahr><anzahl>3238</anzahl></impf>
<impf><impfung>Masern-Mumps-Roeteln</impfung><jahr>2009</jahr><anzahl>558</anzahl></impf>
<impf><impfung>Roeteln</impfung><jahr>2009</jahr><anzahl>0</anzahl></impf>
<impf><impfung>Masern-Mumps</impfung><jahr>2009</jahr><anzahl>0</anzahl></impf>
<impf><impfung>Mumps</impfung><jahr>2009</jahr><anzahl>0</anzahl></impf>
<impf><impfung>Tuberkulose</impfung><jahr>2009</jahr><anzahl>0</anzahl></impf>
<impf><impfung>Rotaviren</impfung><jahr>2009</jahr><anzahl>7</anzahl></impf>
<impf><impfung>FSME</impfung><jahr>2009</jahr><anzahl>11712</anzahl></impf>
<impf><impfung>Grippe</impfung><jahr>2009</jahr><anzahl>5078</anzahl></impf>
<impf><impfung>H1N1</impfung><jahr>2009</jahr><anzahl>2378</anzahl></impf>
<impf><impfung>Pneumokokken</impfung><jahr>2009</jahr><anzahl>158</anzahl></impf>
<impf><impfung>Meningokokken</impfung><jahr>2009</jahr><anzahl>0</anzahl></impf>
<impf><impfung>HPV</impfung><jahr>2009</jahr><anzahl>0</anzahl></impf>
<impf><impfung>Diphtherie-Tetanus-Keuchhusten-Hib-Kinderlaehmung-Hepatitis B </impfung><jahr>2010</jahr><anzahl>196</anzahl></impf>
<impf><impfung>Diphtherie-Tetanus-Keuchhusten-Hib-Kinderlaehmung</impfung><jahr>2010</jahr><anzahl>0</anzahl></impf>
<impf><impfung>Diphtherie-Tetanus-Keuchhusten-Kinderlaehmung</impfung><jahr>2010</jahr><anzahl>822</anzahl></impf>
<impf><impfung>Diphtherie-Tetanus-Keuchhusten-Hib</impfung><jahr>2010</jahr><anzahl>0</anzahl></impf>
<impf><impfung>Hib (Haemophilus influenzae b)</impfung><jahr>2010</jahr><anzahl>0</anzahl></impf>
<impf><impfung>Diphtherie-Tetanus-Kinderlaehmung </impfung><jahr>2010</jahr><anzahl>1859</anzahl></impf>
<impf><impfung>Diphtherie-Tetanus-Keuchhusten</impfung><jahr>2010</jahr><anzahl>2835</anzahl></impf>
<impf><impfung>Diphtherie-Tetanus</impfung><jahr>2010</jahr><anzahl>796</anzahl></impf>
<impf><impfung>Diphtherie</impfung><jahr>2010</jahr><anzahl>14</anzahl></impf>
<impf><impfung>Tetanus</impfung><jahr>2010</jahr><anzahl>0</anzahl></impf>
<impf><impfung>Kinderlaehmung (Poliomyelitis)</impfung><jahr>2010</jahr><anzahl>557</anzahl></impf>
<impf><impfung>Hib-Hepatitis B </impfung><jahr>2010</jahr><anzahl>0</anzahl></impf>
<impf><impfung>Hepatitis A+B</impfung><jahr>2010</jahr><anzahl>1322</anzahl></impf>
<impf><impfung>Hepatitis A</impfung><jahr>2010</jahr><anzahl>408</anzahl></impf>
<impf><impfung>Hepatitis B</impfung><jahr>2010</jahr><anzahl>2781</anzahl></impf>
<impf><impfung>Masern-Mumps-Roeteln</impfung><jahr>2010</jahr><anzahl>352</anzahl></impf>
<impf><impfung>Roeteln</impfung><jahr>2010</jahr><anzahl>0</anzahl></impf>
<impf><impfung>Masern-Mumps</impfung><jahr>2010</jahr><anzahl>0</anzahl></impf>
<impf><impfung>Mumps</impfung><jahr>2010</jahr><anzahl>0</anzahl></impf>
<impf><impfung>Tuberkulose</impfung><jahr>2010</jahr><anzahl>0</anzahl></impf>
<impf><impfung>Rotaviren</impfung><jahr>2010</jahr><anzahl>7</anzahl></impf>
<impf><impfung>FSME</impfung><jahr>2010</jahr><anzahl>11107</anzahl></impf>
<impf><impfung>Grippe</impfung><jahr>2010</jahr><anzahl>3259</anzahl></impf>
<impf><impfung>H1N1</impfung><jahr>2010</jahr><anzahl>85</anzahl></impf>
<impf><impfung>Pneumokokken</impfung><jahr>2010</jahr><anzahl>35</anzahl></impf>
<impf><impfung>Meningokokken</impfung><jahr>2010</jahr><anzahl>0</anzahl></impf>
<impf><impfung>HPV</impfung><jahr>2010</jahr><anzahl>0</anzahl></impf>
<impf><impfung>Diphtherie-Tetanus-Keuchhusten-Hib-Kinderlaehmung-Hepatitis B </impfung><jahr>2011</jahr><anzahl>138</anzahl></impf>
<impf><impfung>Diphtherie-Tetanus-Keuchhusten-Hib-Kinderlaehmung</impfung><jahr>2011</jahr><anzahl>0</anzahl></impf>
<impf><impfung>Diphtherie-Tetanus-Keuchhusten-Kinderlaehmung</impfung><jahr>2011</jahr><anzahl>1548</anzahl></impf>
<impf><impfung>Diphtherie-Tetanus-Keuchhusten-Hib</impfung><jahr>2011</jahr><anzahl>0</anzahl></impf>
<impf><impfung>Hib (Haemophilus influenzae b)</impfung><jahr>2011</jahr><anzahl>0</anzahl></impf>
<impf><impfung>Diphtherie-Tetanus-Kinderlaehmung </impfung><jahr>2011</jahr><anzahl>393</anzahl></impf>
<impf><impfung>Diphtherie-Tetanus-Keuchhusten</impfung><jahr>2011</jahr><anzahl>1681</anzahl></impf>
<impf><impfung>Diphtherie-Tetanus</impfung><jahr>2011</jahr><anzahl>2012</anzahl></impf>
<impf><impfung>Diphtherie</impfung><jahr>2011</jahr><anzahl>0</anzahl></impf>
<impf><impfung>Tetanus</impfung><jahr>2011</jahr><anzahl>0</anzahl></impf>
<impf><impfung>Kinderlaehmung (Poliomyelitis)</impfung><jahr>2011</jahr><anzahl>443</anzahl></impf>
<impf><impfung>Hib-Hepatitis B </impfung><jahr>2011</jahr><anzahl>0</anzahl></impf>
<impf><impfung>Hepatitis A+B</impfung><jahr>2011</jahr><anzahl>1023</anzahl></impf>
<impf><impfung>Hepatitis A</impfung><jahr>2011</jahr><anzahl>353</anzahl></impf>
<impf><impfung>Hepatitis B</impfung><jahr>2011</jahr><anzahl>1899</anzahl></impf>
<impf><impfung>Masern-Mumps-Roeteln</impfung><jahr>2011</jahr><anzahl>565</anzahl></impf>
<impf><impfung>Roeteln</impfung><jahr>2011</jahr><anzahl>0</anzahl></impf>
<impf><impfung>Masern-Mumps</impfung><jahr>2011</jahr><anzahl>0</anzahl></impf>
<impf><impfung>Mumps</impfung><jahr>2011</jahr><anzahl>0</anzahl></impf>
<impf><impfung>Tuberkulose</impfung><jahr>2011</jahr><anzahl>0</anzahl></impf>
<impf><impfung>Rotaviren</impfung><jahr>2011</jahr><anzahl>8</anzahl></impf>
<impf><impfung>FSME</impfung><jahr>2011</jahr><anzahl>15769</anzahl></impf>
<impf><impfung>Grippe</impfung><jahr>2011</jahr><anzahl>3236</anzahl></impf>
<impf><impfung>H1N1</impfung><jahr>2011</jahr><anzahl>0</anzahl></impf>
<impf><impfung>Pneumokokken</impfung><jahr>2011</jahr><anzahl>44</anzahl></impf>
<impf><impfung>Meningokokken</impfung><jahr>2011</jahr><anzahl>0</anzahl></impf>
<impf><impfung>HPV</impfung><jahr>2011</jahr><anzahl>0</anzahl></impf>
<impf><impfung>Diphtherie-Tetanus-Keuchhusten-Hib-Kinderlaehmung-Hepatitis B </impfung><jahr>2012</jahr><anzahl>101</anzahl></impf>
<impf><impfung>Diphtherie-Tetanus-Keuchhusten-Hib-Kinderlaehmung</impfung><jahr>2012</jahr><anzahl>0</anzahl></impf>
<impf><impfung>Diphtherie-Tetanus-Keuchhusten-Kinderlaehmung</impfung><jahr>2012</jahr><anzahl>3362</anzahl></impf>
<impf><impfung>Diphtherie-Tetanus-Keuchhusten-Hib</impfung><jahr>2012</jahr><anzahl>0</anzahl></impf>
<impf><impfung>Hib (Haemophilus influenzae b)</impfung><jahr>2012</jahr><anzahl>0</anzahl></impf>
<impf><impfung>Diphtherie-Tetanus-Kinderlaehmung </impfung><jahr>2012</jahr><anzahl>747</anzahl></impf>
<impf><impfung>Diphtherie-Tetanus-Keuchhusten</impfung><jahr>2012</jahr><anzahl>1173</anzahl></impf>
<impf><impfung>Diphtherie-Tetanus</impfung><jahr>2012</jahr><anzahl>960</anzahl></impf>
<impf><impfung>Diphtherie</impfung><jahr>2012</jahr><anzahl>0</anzahl></impf>
<impf><impfung>Tetanus</impfung><jahr>2012</jahr><anzahl>0</anzahl></impf>
<impf><impfung>Kinderlaehmung (Poliomyelitis)</impfung><jahr>2012</jahr><anzahl>573</anzahl></impf>
<impf><impfung>Hib-Hepatitis B </impfung><jahr>2012</jahr><anzahl>0</anzahl></impf>
<impf><impfung>Hepatitis A+B</impfung><jahr>2012</jahr><anzahl>741</anzahl></impf>
<impf><impfung>Hepatitis A</impfung><jahr>2012</jahr><anzahl>260</anzahl></impf>
<impf><impfung>Hepatitis B</impfung><jahr>2012</jahr><anzahl>1384</anzahl></impf>
<impf><impfung>Masern-Mumps-Roeteln</impfung><jahr>2012</jahr><anzahl>619</anzahl></impf>
<impf><impfung>Roeteln</impfung><jahr>2012</jahr><anzahl>0</anzahl></impf>
<impf><impfung>Masern-Mumps</impfung><jahr>2012</jahr><anzahl>0</anzahl></impf>
<impf><impfung>Mumps</impfung><jahr>2012</jahr><anzahl>0</anzahl></impf>
<impf><impfung>Tuberkulose</impfung><jahr>2012</jahr><anzahl>0</anzahl></impf>
<impf><impfung>Rotaviren</impfung><jahr>2012</jahr><anzahl>14</anzahl></impf>
<impf><impfung>FSME</impfung><jahr>2012</jahr><anzahl>16433</anzahl></impf>
<impf><impfung>Grippe</impfung><jahr>2012</jahr><anzahl>2620</anzahl></impf>
<impf><impfung>H1N1</impfung><jahr>2012</jahr><anzahl>0</anzahl></impf>
<impf><impfung>Pneumokokken</impfung><jahr>2012</jahr><anzahl>67</anzahl></impf>
<impf><impfung>Meningokokken</impfung><jahr>2012</jahr><anzahl>1427</anzahl></impf>
<impf><impfung>HPV</impfung><jahr>2012</jahr><anzahl>0</anzahl></impf>
<impf><impfung>Diphtherie-Tetanus-Keuchhusten-Hib-Kinderlaehmung-Hepatitis B </impfung><jahr>2013</jahr><anzahl>109</anzahl></impf>
<impf><impfung>Diphtherie-Tetanus-Keuchhusten-Hib-Kinderlaehmung</impfung><jahr>2013</jahr><anzahl>0</anzahl></impf>
<impf><impfung>Diphtherie-Tetanus-Keuchhusten-Kinderlaehmung</impfung><jahr>2013</jahr><anzahl>3947</anzahl></impf>
<impf><impfung>Diphtherie-Tetanus-Keuchhusten-Hib</impfung><jahr>2013</jahr><anzahl>0</anzahl></impf>
<impf><impfung>Hib (Haemophilus influenzae b)</impfung><jahr>2013</jahr><anzahl>0</anzahl></impf>
<impf><impfung>Diphtherie-Tetanus-Kinderlaehmung </impfung><jahr>2013</jahr><anzahl>1471</anzahl></impf>
<impf><impfung>Diphtherie-Tetanus-Keuchhusten</impfung><jahr>2013</jahr><anzahl>1838</anzahl></impf>
<impf><impfung>Diphtherie-Tetanus</impfung><jahr>2013</jahr><anzahl>428</anzahl></impf>
<impf><impfung>Diphtherie</impfung><jahr>2013</jahr><anzahl>0</anzahl></impf>
<impf><impfung>Tetanus</impfung><jahr>2013</jahr><anzahl>0</anzahl></impf>
<impf><impfung>Kinderlaehmung (Poliomyelitis)</impfung><jahr>2013</jahr><anzahl>1443</anzahl></impf>
<impf><impfung>Hib-Hepatitis B </impfung><jahr>2013</jahr><anzahl>0</anzahl></impf>
<impf><impfung>Hepatitis A+B</impfung><jahr>2013</jahr><anzahl>565</anzahl></impf>
<impf><impfung>Hepatitis A</impfung><jahr>2013</jahr><anzahl>512</anzahl></impf>
<impf><impfung>Hepatitis B</impfung><jahr>2013</jahr><anzahl>1599</anzahl></impf>
<impf><impfung>Masern-Mumps-Roeteln</impfung><jahr>2013</jahr><anzahl>486</anzahl></impf>
<impf><impfung>Roeteln</impfung><jahr>2013</jahr><anzahl>0</anzahl></impf>
<impf><impfung>Masern-Mumps</impfung><jahr>2013</jahr><anzahl>0</anzahl></impf>
<impf><impfung>Mumps</impfung><jahr>2013</jahr><anzahl>0</anzahl></impf>
<impf><impfung>Tuberkulose</impfung><jahr>2013</jahr><anzahl>0</anzahl></impf>
<impf><impfung>Rotaviren</impfung><jahr>2013</jahr><anzahl>22</anzahl></impf>
<impf><impfung>FSME</impfung><jahr>2013</jahr><anzahl>15114</anzahl></impf>
<impf><impfung>Grippe</impfung><jahr>2013</jahr><anzahl>3084</anzahl></impf>
<impf><impfung>H1N1</impfung><jahr>2013</jahr><anzahl>0</anzahl></impf>
<impf><impfung>Pneumokokken</impfung><jahr>2013</jahr><anzahl>65</anzahl></impf>
<impf><impfung>Meningokokken</impfung><jahr>2013</jahr><anzahl>2031</anzahl></impf>
<impf><impfung>HPV</impfung><jahr>2013</jahr><anzahl>0</anzahl></impf>
<impf><impfung>Diphtherie-Tetanus-Keuchhusten-Hib-Kinderlaehmung-Hepatitis B </impfung><jahr>2014</jahr><anzahl>86</anzahl></impf>
<impf><impfung>Diphtherie-Tetanus-Keuchhusten-Hib-Kinderlaehmung</impfung><jahr>2014</jahr><anzahl>0</anzahl></impf>
<impf><impfung>Diphtherie-Tetanus-Keuchhusten-Kinderlaehmung</impfung><jahr>2014</jahr><anzahl>1138</anzahl></impf>
<impf><impfung>Diphtherie-Tetanus-Keuchhusten-Hib</impfung><jahr>2014</jahr><anzahl>0</anzahl></impf>
<impf><impfung>Hib (Haemophilus influenzae b)</impfung><jahr>2014</jahr><anzahl>0</anzahl></impf>
<impf><impfung>Diphtherie-Tetanus-Kinderlaehmung </impfung><jahr>2014</jahr><anzahl>2807</anzahl></impf>
<impf><impfung>Diphtherie-Tetanus-Keuchhusten</impfung><jahr>2014</jahr><anzahl>338</anzahl></impf>
<impf><impfung>Diphtherie-Tetanus</impfung><jahr>2014</jahr><anzahl>370</anzahl></impf>
<impf><impfung>Diphtherie</impfung><jahr>2014</jahr><anzahl>0</anzahl></impf>
<impf><impfung>Tetanus</impfung><jahr>2014</jahr><anzahl>0</anzahl></impf>
<impf><impfung>Kinderlaehmung (Poliomyelitis)</impfung><jahr>2014</jahr><anzahl>1010</anzahl></impf>
<impf><impfung>Hib-Hepatitis B </impfung><jahr>2014</jahr><anzahl>0</anzahl></impf>
<impf><impfung>Hepatitis A+B</impfung><jahr>2014</jahr><anzahl>557</anzahl></impf>
<impf><impfung>Hepatitis A</impfung><jahr>2014</jahr><anzahl>392</anzahl></impf>
<impf><impfung>Hepatitis B</impfung><jahr>2014</jahr><anzahl>1937</anzahl></impf>
<impf><impfung>Masern-Mumps-Roeteln</impfung><jahr>2014</jahr><anzahl>828</anzahl></impf>
<impf><impfung>Roeteln</impfung><jahr>2014</jahr><anzahl>0</anzahl></impf>
<impf><impfung>Masern-Mumps</impfung><jahr>2014</jahr><anzahl>0</anzahl></impf>
<impf><impfung>Mumps</impfung><jahr>2014</jahr><anzahl>0</anzahl></impf>
<impf><impfung>Tuberkulose</impfung><jahr>2014</jahr><anzahl>0</anzahl></impf>
<impf><impfung>Rotaviren</impfung><jahr>2014</jahr><anzahl>17</anzahl></impf>
<impf><impfung>FSME</impfung><jahr>2014</jahr><anzahl>13346</anzahl></impf>
<impf><impfung>Grippe</impfung><jahr>2014</jahr><anzahl>2352</anzahl></impf>
<impf><impfung>H1N1</impfung><jahr>2014</jahr><anzahl>0</anzahl></impf>
<impf><impfung>Pneumokokken</impfung><jahr>2014</jahr><anzahl>264</anzahl></impf>
<impf><impfung>Meningokokken</impfung><jahr>2014</jahr><anzahl>2098</anzahl></impf>
<impf><impfung>HPV</impfung><jahr>2014</jahr><anzahl>0</anzahl></impf>
<impf><impfung>Diphtherie-Tetanus-Keuchhusten-Hib-Kinderlaehmung-Hepatitis B </impfung><jahr>2015</jahr><anzahl>73</anzahl></impf>
<impf><impfung>Diphtherie-Tetanus-Keuchhusten-Hib-Kinderlaehmung</impfung><jahr>2015</jahr><anzahl>0</anzahl></impf>
<impf><impfung>Diphtherie-Tetanus-Keuchhusten-Kinderlaehmung</impfung><jahr>2015</jahr><anzahl>1409</anzahl></impf>
<impf><impfung>Diphtherie-Tetanus-Keuchhusten-Hib</impfung><jahr>2015</jahr><anzahl>0</anzahl></impf>
<impf><impfung>Hib (Haemophilus influenzae b)</impfung><jahr>2015</jahr><anzahl>0</anzahl></impf>
<impf><impfung>Diphtherie-Tetanus-Kinderlaehmung </impfung><jahr>2015</jahr><anzahl>2716</anzahl></impf>
<impf><impfung>Diphtherie-Tetanus-Keuchhusten</impfung><jahr>2015</jahr><anzahl>23</anzahl></impf>
<impf><impfung>Diphtherie-Tetanus</impfung><jahr>2015</jahr><anzahl>403</anzahl></impf>
<impf><impfung>Diphtherie</impfung><jahr>2015</jahr><anzahl>0</anzahl></impf>
<impf><impfung>Tetanus</impfung><jahr>2015</jahr><anzahl>0</anzahl></impf>
<impf><impfung>Kinderlaehmung (Poliomyelitis)</impfung><jahr>2015</jahr><anzahl>577</anzahl></impf>
<impf><impfung>Hib-Hepatitis B </impfung><jahr>2015</jahr><anzahl>0</anzahl></impf>
<impf><impfung>Hepatitis A+B</impfung><jahr>2015</jahr><anzahl>732</anzahl></impf>
<impf><impfung>Hepatitis A</impfung><jahr>2015</jahr><anzahl>375</anzahl></impf>
<impf><impfung>Hepatitis B</impfung><jahr>2015</jahr><anzahl>1527</anzahl></impf>
<impf><impfung>Masern-Mumps-Roeteln</impfung><jahr>2015</jahr><anzahl>1022</anzahl></impf>
<impf><impfung>Roeteln</impfung><jahr>2015</jahr><anzahl>0</anzahl></impf>
<impf><impfung>Masern-Mumps</impfung><jahr>2015</jahr><anzahl>0</anzahl></impf>
<impf><impfung>Mumps</impfung><jahr>2015</jahr><anzahl>0</anzahl></impf>
<impf><impfung>Tuberkulose</impfung><jahr>2015</jahr><anzahl>0</anzahl></impf>
<impf><impfung>Rotaviren</impfung><jahr>2015</jahr><anzahl>12</anzahl></impf>
<impf><impfung>FSME</impfung><jahr>2015</jahr><anzahl>12144</anzahl></impf>
<impf><impfung>Grippe</impfung><jahr>2015</jahr><anzahl>2469</anzahl></impf>
<impf><impfung>H1N1</impfung><jahr>2015</jahr><anzahl>714</anzahl></impf>
<impf><impfung>Pneumokokken</impfung><jahr>2015</jahr><anzahl>64</anzahl></impf>
<impf><impfung>Meningokokken</impfung><jahr>2015</jahr><anzahl>1192</anzahl></impf>
<impf><impfung>HPV</impfung><jahr>2015</jahr><anzahl>2567</anzahl></impf>
<impf><impfung>Diphtherie-Tetanus-Keuchhusten-Hib-Kinderlaehmung-Hepatitis B </impfung><jahr>2016</jahr><anzahl>113</anzahl></impf>
<impf><impfung>Diphtherie-Tetanus-Keuchhusten-Hib-Kinderlaehmung</impfung><jahr>2016</jahr><anzahl>0</anzahl></impf>
<impf><impfung>Diphtherie-Tetanus-Keuchhusten-Kinderlaehmung</impfung><jahr>2016</jahr><anzahl>2399</anzahl></impf>
<impf><impfung>Diphtherie-Tetanus-Keuchhusten-Hib</impfung><jahr>2016</jahr><anzahl>0</anzahl></impf>
<impf><impfung>Hib (Haemophilus influenzae b)</impfung><jahr>2016</jahr><anzahl>0</anzahl></impf>
<impf><impfung>Diphtherie-Tetanus-Kinderlaehmung </impfung><jahr>2016</jahr><anzahl>1306</anzahl></impf>
<impf><impfung>Diphtherie-Tetanus-Keuchhusten</impfung><jahr>2016</jahr><anzahl>928</anzahl></impf>
<impf><impfung>Diphtherie-Tetanus</impfung><jahr>2016</jahr><anzahl>291</anzahl></impf>
<impf><impfung>Diphtherie</impfung><jahr>2016</jahr><anzahl>0</anzahl></impf>
<impf><impfung>Tetanus</impfung><jahr>2016</jahr><anzahl>0</anzahl></impf>
<impf><impfung>Kinderlaehmung (Poliomyelitis)</impfung><jahr>2016</jahr><anzahl>1274</anzahl></impf>
<impf><impfung>Hib-Hepatitis B </impfung><jahr>2016</jahr><anzahl>0</anzahl></impf>
<impf><impfung>Hepatitis A+B</impfung><jahr>2016</jahr><anzahl>1178</anzahl></impf>
<impf><impfung>Hepatitis A</impfung><jahr>2016</jahr><anzahl>802</anzahl></impf>
<impf><impfung>Hepatitis B</impfung><jahr>2016</jahr><anzahl>1287</anzahl></impf>
<impf><impfung>Masern-Mumps-Roeteln</impfung><jahr>2016</jahr><anzahl>3435</anzahl></impf>
<impf><impfung>Roeteln</impfung><jahr>2016</jahr><anzahl>0</anzahl></impf>
<impf><impfung>Masern-Mumps</impfung><jahr>2016</jahr><anzahl>0</anzahl></impf>
<impf><impfung>Mumps</impfung><jahr>2016</jahr><anzahl>0</anzahl></impf>
<impf><impfung>Tuberkulose</impfung><jahr>2016</jahr><anzahl>0</anzahl></impf>
<impf><impfung>Rotaviren</impfung><jahr>2016</jahr><anzahl>63</anzahl></impf>
<impf><impfung>FSME</impfung><jahr>2016</jahr><anzahl>11328</anzahl></impf>
<impf><impfung>Grippe</impfung><jahr>2016</jahr><anzahl>2336</anzahl></impf>
<impf><impfung>H1N1</impfung><jahr>2016</jahr><anzahl>0</anzahl></impf>
<impf><impfung>Pneumokokken</impfung><jahr>2016</jahr><anzahl>441</anzahl></impf>
<impf><impfung>Meningokokken</impfung><jahr>2016</jahr><anzahl>2320</anzahl></impf>
<impf><impfung>HPV</impfung><jahr>2016</jahr><anzahl>2677</anzahl></impf>
</root>
